iteration,coefficients,coeff_pct,compression_pct,l2_error_clean,l2_error,mean_abs_error,rmse,nrmse,snr_db,psnr_db,r_squared,r_squared_residual_vs_original,r_squared_residual_reconstructed,signal_entropy,signal_mean,signal_std,signal_min,signal_max,signal_range,signal_coeff_var,signal_median,signal_zero_fraction,signal_gini_coefficient,residual_entropy,residual_mean,residual_std,residual_min,residual_max,residual_range,residual_coeff_var,residual_median,residual_zero_fraction,residual_gini_coefficient
1,1064,13.0,12.98828125,1981933.2619064453,1981933.2619064453,11.254469356536866,15.554266701942721,0.07434910770360648,23.074923859966443,27.167576234442915,0.9547391798579831,1.0,0.9547391798579831,4.880054233396542,209.20582885742186,73.11194400538525,0.0,355.0,355.0,0.349473742699481,215.0,0.0562744140625,0.18775695422594696,4.880054233396542,209.20582885742186,73.11194400538525,0.0,355.0,355.0,0.349473742699481,215.0,0.0562744140625,0.18775695422594696
2,1073,13.100000000000001,13.09814453125,1954737.2150314455,1954737.2150314455,11.169045720100403,15.447180412436706,0.07383723721658005,23.134930309884027,27.227582684360495,0.9553602478877911,1.0,0.9553602478877911,4.880054233396542,209.20582885742186,73.11194400538525,0.0,355.0,355.0,0.349473742699481,215.0,0.0562744140625,0.18775695422594696,4.880054233396542,209.20582885742186,73.11194400538525,0.0,355.0,355.0,0.349473742699481,215.0,0.0562744140625,0.18775695422594696
